keyword,volume,kd,market
mother's day gift ideas,33100,55,uk
mothering sunday gifts,12100,44,uk
gifts for mum,40500,60,uk
best mum gifts,9900,52,uk
personalised mum gifts,8100,50,uk
mum quotes for cards,2400,24,uk
what to write in a mothering sunday card,2900,22,uk
when is mothering sunday,110000,70,uk
father's day gifts,60500,63,uk
gifts for dad who has everything uk,4400,40,uk
christmas jumpers family matching,6600,42,uk
how to wash a printed t-shirt,1300,19,uk
dtg vs screen printing uk,480,20,uk
personalised gifts for nan,3600,37,uk
hen do t shirt ideas,2400,29,uk
bonfire night gift ideas,880,20,uk
gifts for dog lovers uk,5400,41,uk
trainers personalised,1600,43,uk
